{
  "sharegpt4v_instruct_gpt4-vision_cap100k": {
    "root": "playground/data/",
    "annotation": "playground/opensource/sharegpt4v_instruct_gpt4-vision_cap100k.jsonl",
    "data_augment": false,
    "repeat_time": 1,
    "length": 102025
  },
  "llava_instruct_150k_zh": {
    "root": "playground/data/coco/",
    "annotation": "playground/opensource/llava_instruct_150k_zh.jsonl",
    "data_augment": false,
    "repeat_time": 1,
    "length": 157712
  },
  "sharegpt4v_mix665k_cap23k_coco-ap9k_lcs3k_sam9k_div2k": {
    "root": "playground/data/",
    "annotation": "playground/opensource/sharegpt4v_mix665k_cap23k_coco-ap9k_lcs3k_sam9k_div2k.jsonl",
    "data_augment": false,
    "repeat_time": 1,
    "length": 665058
  },
  "dvqa_train_200k": {
    "root": "playground/data/dvqa/",
    "annotation": "playground/opensource/dvqa_train_200k.jsonl",
    "data_augment": false,
    "repeat_time": 1,
    "length": 200000
  },
  "chartqa_train_18k": {
    "root": "playground/data/chartqa/",
    "annotation": "playground/opensource/chartqa_train_18k.jsonl",
    "data_augment": false,
    "repeat_time": 1,
    "length": 18317
  },
  "ai2d_train_12k": {
    "root": "playground/data/ai2d/",
    "annotation": "playground/opensource/ai2d_train_12k.jsonl",
    "data_augment": false,
    "repeat_time": 1,
    "length": 12413
  },
  "docvqa_train_10k": {
    "root": "playground/data/docvqa/",
    "annotation": "playground/opensource/docvqa_train_10k.jsonl",
    "data_augment": false,
    "repeat_time": 1,
    "length": 10211
  },
  "geoqa+": {
    "root": "playground/data/geoqa+/",
    "annotation": "playground/opensource/geoqa+.jsonl",
    "data_augment": false,
    "repeat_time": 1,
    "length": 72318
  },
  "synthdog_en": {
    "root": "playground/data/synthdog-en/",
    "annotation": "playground/opensource/synthdog_en.jsonl",
    "data_augment": false,
    "repeat_time": 1,
    "length": 29765
  }
}
